"Exercício";"Programa";"Objetivo";"Objetivo Específico";"Indicador";"Meta do Objetivo Específico";"Meta Cumulativa";"Valor esperado - 1º ano PPA";"Valor esperado - 2º ano PPA";"Valor esperado - 3º ano PPA";"Meta Final PPA";
2025;"2315";"1275";"0380";12807;"07YG";"Não";50,00;50,00;50,00;50,00;
2025;"2301";"1267";"0424";10359;"05YG";"Não";0,00;0,00;1,00;1,00;
2025;"5133";"1332";"0376";9830;"05BA";"Sim";35,00;35,80;36,60;37,40;
2025;"5133";"1332";"0394";10093;"05DA";"Não";125,00;125,00;125,00;125,00;
2025;"5121";"1316";"0388";10100;"05MT";"Sim";28,00;61,00;79,00;79,00;
2025;"5837";"1325";"0305";10716;"06UD";"Sim";15,00;16,00;17,00;18,00;
2025;"5133";"1332";"0372";9773;"05AT";"Sim";5,47;6,00;6,70;7,50;
2025;"5133";"1332";"0370";9759;"05AO";"Sim";945.000,00;949.000,00;891.000,00;833.000,00;
2025;"1144";"1255";"0187";9221;"06BT";"Sim";18.000,00;18.500,00;19.000,00;19.500,00;
2025;"6113";"1276";"0099";10809;"05IW";"Sim";8,00;0,00;0,00;700.000,00;
2025;"1144";"1255";"0175";9177;"06BE";"Não";3,00;1,00;1,00;1,00;
2025;"5112";"1302";"0184";9197;"06F9";"Não";7.800,00;9.200,00;11.600,00;12.000,00;
2025;"5111";"1281";"0449";10585;"06PR";"Não";5.030.426,00;5.108.759,00;5.190.299,00;5.273.295,00;
2025;"2224";"1279";"0101";9386;"07D6";"Sim";55,00;35,00;35,00;35,00;
2025;"5111";"1281";"0463";10705;"06FG";"Não";84,10;85,60;87,10;88,60;
2025;"5111";"1281";"0466";10721;"06AA";"Não";100,00;100,00;100,00;100,00;
2025;"5120";"1339";"0491";10924;"05RP";"Sim";40,00;50,00;80,00;105,00;
2025;"5120";"1339";"0493";10947;"05RW";"Sim";2,00;5,00;8,00;10,00;
2025;"5120";"1339";"0496";11250;"05SB";"Não";2.200,00;2.200,00;2.200,00;2.200,00;
2025;"2324";"1311";"0209";11003;"06WF";"Não";370.194.709,40;10,00;10,50;10,80;
2025;"2308";"1309";"0428";10423;"06WD";"Sim";1.400,00;44,00;68,00;81,00;
2025;"2321";"1270";"0055";10567;"06BJ";"Não";383.433,21;400.687,71;418.718,65;437.560,99;
2025;"2321";"1270";"0056";8859;"068Y";"Sim";100,00;153,00;178,00;203,00;
2025;"2320";"1260";"0507";11122;"06S4";"Não";1,00;2,00;1,00;1,00;
2025;"2301";"1267";"0263";9455;"05US";"Não";1.000.000.000,00;7,50;7,50;7,50;
2025;"4006";"1338";"0476";11315;"05SS";"Sim";2.000,00;2.500,00;5.000,00;7.000,00;
2025;"1191";"1328";"0328";10086;"05DL";"Não";17.263,00;23.343,00;25.511,00;25.654,00;
2025;"1191";"1328";"0330";10532;"05H6";"Não";685.971,00;1.106.100,00;1.231.100,00;1.320.000,00;
2025;"3101";"1262";"0011";8954;"06MZ";"Sim";226.227,00;216.494,51;223.034,44;224.053,69;
2025;"3101";"1262";"0080";8948;"06LP";"Sim";16.478.208,00;17.406.706,00;17.600.000,00;18.000.000,00;
2025;"3103";"1272";"0031";8899;"06GH";"Não";1,80;17,50;31,50;34,20;
2025;"2301";"1267";"0126";9020;"05TT";"Sim";15,00;17,00;25,00;50,00;
2025;"5133";"1332";"0374";9785;"05AW";"Sim";55,00;60,00;65,00;70,00;
2025;"4104";"1254";"0290";12808;"07YH";"Não";100,00;100,00;100,00;100,00;
2025;"5113";"1329";"0358";9703;"06DL";"Não";12,38;12,95;13,56;14,21;
2025;"5113";"1329";"0355";9699;"06BU";"Não";1.378,00;758,00;849,00;943,00;
2025;"5112";"1302";"0158";9095;"0683";"Não";88,30;94,00;97,00;100,00;
2025;"5113";"1329";"0359";10400;"06NG";"Não";69,00;153,00;226,00;313,00;
2025;"5111";"1281";"0039";8832;"06GC";"Não";41,50;45,40;48,50;51,80;
2025;"5111";"1281";"0436";10525;"06HV";"Não";5,00;5,10;5,10;5,30;
2025;"5111";"1281";"0444";10566;"06OU";"Não";64.094,00;66.594,00;69.094,00;71.594,00;
2025;"5111";"1281";"0448";10576;"06P4";"Não";3.324.429,00;2.510.885,00;2.516.863,00;2.642.706,00;
2025;"5111";"1281";"0450";10591;"06Q7";"Não";285.615,00;292.039,00;298.462,00;304.886,00;
2025;"5111";"1281";"0460";10662;"06EJ";"Não";322.938,00;269.820,00;279.820,00;282.820,00;
2025;"5111";"1281";"0462";10683;"06JA";"Não";77,40;80,80;84,20;87,10;
2025;"5111";"1281";"0438";10531;"06I0";"Não";4,00;4,10;4,10;4,20;
2025;"5111";"1281";"0454";10606;"06IQ";"Não";70,00;80,00;97,00;100,00;
2025;"4104";"1254";"0005";8771;"06IT";"Não";75,00;191,00;200,00;210,00;
2025;"5111";"1281";"0435";10510;"06HP";"Não";5,55;5,57;5,57;5,60;
2025;"4104";"1254";"0288";9513;"06NR";"Não";50,00;65,00;75,00;85,00;
2025;"4104";"1254";"0287";12803;"07YC";"Não";70,00;65,00;70,00;75,00;
2025;"4104";"1254";"0291";12811;"07YK";"Sim";15,00;40,00;70,00;100,00;
2025;"5112";"1302";"0166";9154;"068S";"Não";4.878.408,00;4.428.409,00;5.378.407,00;6.128.408,00;
2025;"5116";"1250";"0170";9162;"062K";"Não";58,48;21,00;21,00;21,00;
2025;"5113";"1329";"0354";9698;"06AT";"Não";7.858,00;8.358,00;8.858,00;9.358,00;
2025;"5113";"1329";"0356";9700;"06LR";"Não";25.000,00;50.000,00;75.000,00;100.000,00;
2025;"5113";"1329";"0361";9709;"06EX";"Sim";15,00;45,00;75,00;81,00;
2025;"5113";"1329";"0362";9713;"06AI";"Não";100,00;100,00;100,00;100,00;
2025;"5113";"1329";"0360";9706;"06O0";"Não";30,00;20,00;30,00;50,00;
2025;"5113";"1329";"0353";9695;"06GZ";"Não";43,80;45,80;47,80;50,00;
2025;"5113";"1329";"0351";10365;"06GV";"Não";35,00;56,00;54,00;28,00;
2025;"5113";"1329";"0352";9693;"06GT";"Não";39,50;40,50;41,50;42,60;
2025;"5112";"1302";"0189";9212;"06A5";"Não";100,00;100,00;100,00;100,00;
2025;"5116";"1250";"0120";8995;"0623";"Não";9.280,00;7.540,00;5.800,00;4.060,00;
2025;"5812";"1287";"0077";10960;"06L8";"Não";6.250,00;2.000,00;2.000,00;2.000,00;
2025;"5812";"1287";"0083";8912;"06L9";"Sim";25,00;50,00;75,00;100,00;
2025;"5811";"1315";"0199";9906;"06H7";"Não";270,00;540,00;540,00;270,00;
2025;"5811";"1315";"0200";9912;"06HF";"Não";500.000,00;750.000,00;750.000,00;750.000,00;
2025;"5811";"1315";"0202";9917;"06HK";"Não";5,00;15,00;30,00;50,00;
2025;"5133";"1332";"0368";11612;"074O";"Não";1,00;1,00;1,00;1,00;
2025;"5837";"1325";"0468";10826;"06U7";"Sim";0,00;10,00;10,00;20,00;
2025;"5116";"1250";"0165";9140;"062E";"Não";0,39;0,35;0,32;0,29;
2025;"5116";"1250";"0173";9179;"062N";"Não";66.806,00;70.146,00;73.653,00;77.336,00;
2025;"1191";"1328";"0331";10050;"05D6";"Não";0,75;87,00;102,00;102,00;
2025;"1191";"1328";"0325";10182;"05EJ";"Não";1,00;1,34;1,40;1,47;
2025;"1191";"1328";"0327";10241;"05H1";"Não";1,00;15,00;32,00;52,00;
2025;"1191";"1328";"0321";10136;"05E3";"Não";1.600.000,00;1.650.000,00;1.700.000,00;1.750.000,00;
2025;"5111";"1281";"0433";10491;"06HB";"Não";50,20;53,40;53,40;60,00;
2025;"5111";"1281";"0452";10598;"06PV";"Não";300.000,00;273.000,00;275.500,00;277.000,00;
2025;"5111";"1281";"0441";10546;"06LH";"Não";3.400,00;4.100,00;6.200,00;7.300,00;
2025;"5111";"1281";"0457";10627;"06H5";"Não";94,05;95,00;95,05;96,00;
2025;"5111";"1281";"0458";10641;"06JD";"Não";31,00;36,00;40,00;45,00;
2025;"2310";"1253";"0137";9940;"05CB";"Sim";53,00;53,17;53,92;55,12;
2025;"5111";"1281";"0439";10540;"06I9";"Não";21,60;23,50;24,80;25,50;
2025;"5111";"1281";"0443";10553;"06NI";"Não";1.661.310,00;1.827.442,00;2.010.185,00;2.211.204,00;
2025;"5111";"1281";"0465";10713;"06FO";"Sim";20,00;70,00;100,00;100,00;
2025;"2310";"1253";"0138";10624;"05HQ";"Sim";2.560,00;5.248,00;8.070,00;11.034,00;
2025;"2321";"1270";"0054";10611;"06A9";"Não";45.821,00;10.483,00;11.710,00;12.910,00;
2025;"2321";"1270";"0058";9981;"06F1";"Não";2,00;2,04;2,07;2,11;
2025;"2310";"1253";"0132";9312;"0568";"Sim";600.000,00;169.000,00;338.000,00;507.000,00;
2025;"2310";"1253";"0133";9027;"054L";"Sim";16,00;25,00;37,00;49,00;
2025;"2310";"1253";"0134";9167;"054W";"Sim";64,00;74,00;90,00;90,00;
2025;"2310";"1253";"0140";10009;"05CT";"Sim";2.350,00;4.800,00;7.350,00;10.000,00;
2025;"2310";"1253";"0141";10266;"05FC";"Sim";25,00;40,00;50,00;60,00;
2025;"2310";"1253";"0142";10869;"05K3";"Sim";6,00;5,50;5,25;5,00;
2025;"2310";"1253";"0143";10811;"05IX";"Sim";49,62;50,14;50,65;51,03;
2025;"2310";"1253";"0139";10722;"05I0";"Sim";10,00;12,00;14,00;15,00;
2025;"2319";"1257";"0254";9419;"05M2";"Sim";6,30;14,10;21,90;31,30;
2025;"5601";"1258";"0405";11038;"05ND";"Não";100.000,00;167.000,00;270.000,00;134.000,00;
2025;"5601";"1258";"0407";11119;"05OS";"Não";20,00;25,00;25,00;30,00;
2025;"3101";"1262";"0012";8815;"06LT";"Sim";189.308,00;192.474,00;193.995,00;198.770,00;
2025;"4101";"1265";"0451";10595;"06OM";"Não";175.000,00;175.000,00;175.000,00;175.000,00;
2025;"5816";"1313";"0191";9864;"06I4";"Sim";10,00;21,00;27,00;54,00;
2025;"5816";"1313";"0192";9974;"06IU";"Sim";80,00;90,00;95,00;100,00;
2025;"5816";"1313";"0193";10107;"06L1";"Sim";10,00;20,00;30,00;60,00;
2025;"5837";"1325";"0467";10985;"06V2";"Não";4,60;4,60;4,60;4,60;
2025;"5815";"1299";"0090";8929;"06N0";"Sim";10,00;0,00;10,00;15,00;
2025;"5116";"1250";"0003";8767;"063D";"Sim";626.428,00;726.437,00;809.316,00;890.814,00;
2025;"5816";"1313";"0190";9853;"06HS";"Sim";100,00;200,00;300,00;400,00;
2025;"3104";"1303";"0163";9748;"0681";"Não";0,98;0,97;0,97;0,96;
2025;"3104";"1303";"0164";9752;"0682";"Não";2,54;2,54;2,54;2,54;
2025;"4101";"1265";"0025";8810;"05SZ";"Não";15,00;10,00;10,00;15,00;
2025;"2322";"1256";"0014";8779;"05MR";"Sim";97,40;98,38;98,56;98,74;
2025;"3105";"1297";"0075";8876;"064I";"Sim";79,00;81,00;86,00;86,00;
2025;"5815";"1299";"0093";8940;"06N1";"Sim";250.000,00;400.000,00;500.000,00;500.000,00;
2025;"2305";"1251";"0097";9029;"054I";"Não";30,00;30,00;30,00;30,00;
2025;"2305";"1251";"0105";9116;"05H7";"Sim";89,90;91,70;93,40;95,20;
2025;"3105";"1297";"0107";8969;"064S";"Não";100,00;87,00;87,00;87,00;
2025;"3105";"1297";"0108";8975;"064W";"Não";19.870,00;20.580,00;21.300,00;22.000,00;
2025;"5115";"1300";"0110";8977;"060T";"Não";78,00;80,00;85,00;85,00;
2025;"5117";"1266";"0153";10877;"05T5";"Não";207,00;207,00;207,00;207,00;
2025;"5116";"1250";"0117";8989;"061Z";"Não";83,00;85,00;85,25;85,50;
2025;"2301";"1267";"0418";12819;"07YS";"Sim";;150,00;220,00;280,00;
2025;"5116";"1250";"0123";9011;"0627";"Não";51,00;68,00;68,25;68,50;
2025;"5116";"1250";"0125";9105;"062B";"Sim";5.918,12;7.055,93;10.922,93;15.137,96;
2025;"5115";"1300";"0127";9025;"060N";"Não";200.000.000,00;300.000.000,00;340.000.000,00;360.000.000,00;
2025;"5117";"1266";"0481";10887;"05TM";"Sim";4.293,00;4.728,00;5.163,00;5.597,00;
2025;"2310";"1253";"0131";9077;"054O";"Sim";12,00;12,50;12,70;12,80;
2025;"2310";"1253";"0135";10488;"05GY";"Sim";32,00;34,00;37,00;40,00;
2025;"5117";"1266";"0482";10893;"05TV";"Sim";92,00;95,00;98,00;100,00;
2025;"2305";"1251";"0151";9052;"05N2";"Sim";28.870,00;39.069,00;44.526,00;49.272,00;
2025;"2301";"1267";"0286";9495;"05TK";"Sim";60,00;66,00;68,00;70,00;
2025;"2310";"1253";"0156";9214;"055C";"Sim";1.300,00;8.379,00;12.529,00;16.129,00;
2025;"5803";"1298";"0206";9283;"06DZ";"Não";41,00;41,00;41,00;40,00;
2025;"5803";"1298";"0219";9281;"06F7";"Não";20,00;1,00;1,00;1,00;
2025;"5803";"1298";"0207";9278;"06E5";"Não";40,00;1,00;1,00;1,00;
2025;"5804";"1304";"0203";11403;"065H";"Não";1,00;1,00;2,00;1,00;
2025;"5814";"1314";"0224";10953;"06SD";"Sim";1,00;4,00;7,00;10,00;
2025;"5814";"1314";"0227";10421;"06ND";"Sim";500,00;1.000,00;1.500,00;2.000,00;
2025;"5803";"1298";"0221";9282;"06FB";"Não";12,00;12,00;12,00;12,00;
2025;"5803";"1298";"0222";11440;"067N";"Não";1,00;1,00;1,00;1,00;
2025;"5804";"1304";"0226";11405;"067H";"Não";150,00;62,00;62,00;62,00;
2025;"2305";"1251";"0232";9310;"05AB";"Sim";37,00;86,00;98,00;100,00;
2025;"2301";"1267";"0298";9539;"06BZ";"Não";45,00;55,00;60,00;60,00;
2025;"5804";"1304";"0167";9224;"065G";"Não";1,60;3,00;3,00;3,00;
2025;"5804";"1304";"0169";9573;"065K";"Não";30,00;30,00;30,00;30,00;
2025;"1617";"1305";"0168";11182;"06RB";"Sim";68,46;69,58;70,72;71,42;
2025;"1158";"1318";"0247";11567;"06N8";"Sim";2.602,00;5.202,00;7.791,00;10.456,00;
2025;"1189";"1319";"0262";9457;"05V3";"Sim";77.000,00;82.000,00;87.000,00;92.000,00;
2025;"3901";"1271";"0233";9345;"065N";"Não";374.627,00;376.421,00;378.224,00;380.035,00;
2025;"2308";"1309";"0425";10360;"06PJ";"Não";15,00;13.025.810,93;13.677.101,48;14.360.956,56;
2025;"5115";"1300";"0238";9371;"0606";"Não";95,00;96,00;97,00;98,00;
2025;"5802";"1323";"0264";9660;"065T";"Não";6,00;1,00;1,00;1,00;
2025;"5128";"1321";"0244";9409;"0572";"Não";100,00;100,00;100,00;100,00;
2025;"5116";"1250";"0300";9548;"0634";"Não";70,00;75,00;80,00;85,00;
2025;"5115";"1300";"0310";9596;"061A";"Não";80,00;82,00;84,00;86,00;
2025;"5115";"1300";"0318";9608;"061C";"Não";88,00;89,00;90,00;91,00;
2025;"5802";"1323";"0323";9619;"066I";"Sim";2,00;4,00;6,00;8,00;
2025;"2305";"1251";"0294";10019;"05CY";"Sim";100,00;100,00;100,00;100,00;
2025;"2305";"1251";"0295";9549;"058T";"Sim";100,00;100,00;100,00;100,00;
2025;"2310";"1253";"0382";9921;"05C7";"Sim";6,00;8,00;9,00;10,00;
2025;"5116";"1250";"0401";12727;"07W3";"Não";;570.000,00;600.000,00;630.000,00;
2025;"5116";"1250";"0402";12732;"07WB";"Não";0,00;3,68;3,61;3,54;
2025;"2322";"1256";"0408";10959;"05MU";"Sim";74,60;74,60;76,00;77,40;
2025;"2322";"1256";"0409";10961;"05N0";"Sim";85,10;85,10;85,90;86,80;
2025;"5116";"1250";"0421";10347;"06EG";"Não";119,00;118,00;117,00;116,00;
2025;"5115";"1300";"0422";10404;"0612";"Não";6,00;12,00;18,00;24,00;
2025;"5116";"1250";"0445";10998;"06ES";"Não";21,95;21,73;21,52;21,30;
2025;"2320";"1260";"0505";11104;"06VI";"Não";20,00;60,00;80,00;80,00;
2025;"2320";"1260";"0506";11113;"06SC";"Não";90,00;90,00;90,00;90,00;
2025;"5602";"1259";"0399";10126;"05DR";"Sim";26.954.503,00;27.497.325,00;28.040.147,00;28.582.968,00;
2025;"5602";"1259";"0400";10130;"05DT";"Não";7,00;7,00;7,00;7,00;
2025;"5804";"1304";"0526";11417;"066T";"Não";1,00;2,00;0,00;0,00;
2025;"1149";"1284";"0403";10189;"06MY";"Não";1.000,00;6.000,00;1.500,00;1.500,00;
2025;"2320";"1260";"0504";11081;"06RV";"Não";5.832.993,00;5.590.993,00;5.300.993,00;5.200.993,00;
2025;"2322";"1256";"0498";10981;"05M9";"Sim";40,70;40,70;43,80;47,00;
2025;"2322";"1256";"0499";10984;"05MO";"Sim";96,45;96,61;96,77;96,93;
2025;"2322";"1256";"0500";10997;"05N3";"Sim";76,86;76,86;78,95;81,05;
2025;"2322";"1256";"0501";10999;"05N6";"Sim";54,90;58,80;62,70;66,60;
2025;"5804";"1304";"0527";11421;"0674";"Não";1,00;1,00;1,00;1,00;
2025;"2320";"1260";"0510";11128;"06SU";"Não";3,22;3,23;3,25;3,26;
2025;"2301";"1267";"0534";11475;"06C6";"Sim";70,00;75,00;80,00;80,00;
2025;"5804";"1304";"0529";11437;"06OC";"Não";1,00;1,00;1,00;1,00;
2025;"3102";"1274";"0045";8838;"06SB";"Não";0,80;0,80;0,80;0,80;
2025;"3106";"1278";"0148";9037;"06C7";"Sim";133,63;439,42;905,99;1.581,29;
2025;"2305";"1251";"0544";11671;"06W7";"Sim";86,00;100,00;100,00;100,00;
2025;"2305";"1251";"0545";11672;"06WA";"Sim";34,11;91,45;100,00;100,00;
2025;"3106";"1278";"0149";9038;"064C";"Não";100,00;100,00;100,00;100,00;
2025;"5804";"1304";"0543";11603;"06LA";"Não";2,00;2,00;2,00;2,00;
2025;"5126";"1337";"0447";10835;"06QR";"Sim";12,00;20,00;32,00;48,00;
2025;"5121";"1316";"0426";10393;"05OT";"Sim";60,00;65,00;66,00;70,00;
2025;"5838";"1340";"0516";11284;"06SH";"Sim";155,00;25,00;35,00;50,00;
2025;"2301";"1267";"0419";10323;"05Y1";"Sim";250.000,00;994.443,00;1.094.443,00;1.194.443,00;
2025;"5816";"1313";"0196";10254;"06IV";"Sim";2,00;2,00;3,00;4,00;
2025;"5122";"1295";"0249";9415;"05LU";"Sim";60,00;513,00;665,00;817,00;
2025;"2308";"1309";"0411";10214;"06RA";"Sim";4.500,00;5.400,00;6.480,00;7.776,00;
2025;"4103";"1306";"0228";9297;"0691";"Não";10,00;1.300,00;1.400,00;1.500,00;
2025;"3105";"1297";"0114";9050;"0653";"Não";66,00;150,00;190,00;204,00;
2025;"3105";"1297";"0111";8982;"0651";"Não";3,20;3,20;3,20;3,20;
2025;"5837";"1325";"0301";8911;"06N4";"Sim";800.000,00;1.030.000,00;1.260.000,00;1.390.000,00;
2025;"5837";"1325";"0302";10978;"06U6";"Sim";20,00;40,00;60,00;80,00;
2025;"5128";"1321";"0296";9520;"058N";"Sim";94,00;95,00;95,50;96,00;
2025;"5129";"1249";"0231";9303;"0562";"Sim";60,00;70,00;80,00;90,00;
2025;"5115";"1300";"0414";12756;"07X2";"Sim";0,00;9,00;18,00;27,00;
2025;"5115";"1300";"0242";9420;"060E";"Sim";2,00;4,00;6,00;8,00;
2025;"5115";"1300";"0338";9646;"061G";"Não";100,00;100,00;100,00;100,00;
2025;"5804";"1304";"0528";11434;"067F";"Não";1,00;1,00;1,00;1,00;
2025;"5837";"1325";"0303";10982;"06N7";"Sim";50,00;128,00;148,00;168,00;
2025;"5837";"1325";"0304";10754;"06N9";"Não";15,00;5,00;5,00;5,00;
2025;"5837";"1325";"0306";10989;"06UW";"Não";13,00;27,00;27,00;27,00;
2025;"1158";"1318";"0274";9507;"05V0";"Sim";26,50;27,00;27,50;28,00;
2025;"5804";"1304";"0188";9412;"065J";"Não";54,90;55,00;55,10;55,20;
2025;"5804";"1304";"0532";11466;"06CL";"Não";10,00;10,00;10,00;10,00;
2025;"5804";"1304";"0533";11469;"06AH";"Não";1,00;1,00;1,00;1,00;
2025;"4103";"1306";"0229";9298;"0633";"Não";22,50;45,00;72,50;100,00;
2025;"4103";"1306";"0230";9299;"068W";"Não";1.000,00;1.100,00;1.200,00;1.300,00;
2025;"1189";"1319";"0258";9453;"06GD";"Sim";200,00;150,00;350,00;500,00;
2025;"3102";"1274";"0046";8843;"06S5";"Sim";1,25;2,50;3,75;5,00;
2025;"3102";"1274";"0051";8866;"070O";"Não";1,00;5,00;5,00;5,00;
2025;"3107";"1294";"0092";8935;"074P";"Não";47,70;47,70;47,80;47,80;
2025;"3107";"1294";"0103";8987;"074Z";"Não";80,00;80,00;80,00;80,00;
2025;"3107";"1294";"0052";9433;"06GK";"Não";42,31;40,39;48,09;52,37;
2025;"3107";"1294";"0053";8852;"06ZW";"Não";2,00;2,00;2,00;2,00;
2025;"3107";"1294";"0089";8931;"074J";"Não";90,00;91,70;91,60;91,50;
2025;"3101";"1262";"0009";8913;"06LE";"Sim";7.385,00;78.280,00;111.240,00;140.080,00;
2025;"3101";"1262";"0010";9100;"06LG";"Não";19,00;34,00;47,00;63,00;
2025;"3107";"1294";"0122";9012;"074G";"Não";4,00;8,00;12,00;14,00;
2025;"3107";"1294";"0115";8986;"075H";"Sim";75,00;70,00;65,00;60,00;
2025;"3107";"1294";"0118";8992;"074C";"Não";80,00;80,00;80,00;80,00;
2025;"2306";"1308";"0182";9690;"069X";"Não";200,00;200,00;200,00;200,00;
2025;"2308";"1309";"0417";10301;"06JM";"Não";942,00;684,00;704,00;724,00;
2025;"2319";"1257";"0245";9394;"056U";"Sim";1,05;20,87;21,65;22,17;
2025;"2319";"1257";"0251";9405;"056Y";"Sim";1,35;47,92;48,22;48,55;
2025;"2306";"1308";"0181";9851;"068M";"Não";21.174.000,00;21.174.000,00;21.174.000,00;21.174.000,00;
2025;"6114";"1320";"0237";9373;"05UT";"Não";20,00;20,00;20,00;20,00;
2025;"2306";"1308";"0180";9566;"0686";"Não";24,00;24,00;24,00;24,00;
2025;"2306";"1308";"0183";9702;"06A1";"Não";100,00;100,00;100,00;100,00;
2025;"2306";"1308";"0204";9710;"06C2";"Não";40,00;35,00;37,00;37,00;
2025;"2307";"1307";"0178";10053;"06CM";"Sim";0,00;2,00;4,00;6,00;
2025;"2307";"1307";"0179";10080;"06CO";"Sim";59,50;64,50;68,50;71,50;
2025;"2304";"1310";"0216";10714;"06TD";"Não";5,00;10,00;15,00;20,00;
2025;"4102";"1335";"0395";11314;"06LD";"Sim";85,00;87,00;89,00;90,00;
2025;"2306";"1308";"0205";9720;"06IO";"Sim";13,00;33,00;67,00;100,00;
2025;"4102";"1335";"0396";11316;"06LJ";"Sim";85,00;87,00;89,00;90,00;
2025;"3102";"1274";"0044";8837;"0708";"Não";0,00;5,00;5,00;5,00;
2025;"6114";"1320";"0248";9442;"0622";"Sim";1.860,00;1.873,00;1.900,00;1.925,00;
2025;"6111";"1288";"0241";9383;"056R";"Não";70,00;70,00;70,00;70,00;
2025;"6111";"1288";"0420";10349;"05GV";"Não";80,00;0,00;0,00;0,00;
2025;"6113";"1276";"0078";8888;"06A3";"Não";100,00;100,00;100,00;100,00;
2025;"6111";"1288";"0413";10243;"05F6";"Não";70,00;70,00;70,00;70,00;
2025;"6112";"1261";"0008";10201;"05N7";"Sim";46,00;48,00;50,00;52,00;
2025;"6112";"1261";"0363";9718;"05AS";"Sim";66,00;73,00;77,00;77,00;
2025;"6112";"1261";"0050";8848;"0543";"Não";75,00;75,00;75,00;75,00;
2025;"6112";"1261";"0100";8959;"054A";"Sim";42,00;51,00;62,00;70,00;
2025;"6112";"1261";"0236";9348;"056O";"Sim";54,27;60,75;68,93;78,20;
2025;"6112";"1261";"0292";9502;"058M";"Não";96,25;94,00;94,00;94,00;
2025;"6112";"1261";"0299";9536;"058S";"Sim";91,00;97,00;99,00;100,00;
2025;"1190";"1317";"0281";9484;"05ZT";"Sim";100,00;200,00;300,00;400,00;
2025;"1190";"1317";"0283";9486;"0603";"Sim";20,00;30,00;40,00;50,00;
2025;"2308";"1309";"0415";10286;"06DU";"Não";1,17;1,30;1,43;1,60;
2025;"1190";"1317";"0285";9490;"05VB";"Sim";5,00;10,00;20,00;40,00;
2025;"1158";"1318";"0416";10298;"06B1";"Sim";25,00;50,00;75,00;100,00;
2025;"6113";"1276";"0032";8829;"053O";"Não";70,00;100,00;100,00;100,00;
2025;"5126";"1337";"0437";10527;"06PQ";"Não";21.450,00;22.600,00;23.750,00;25.000,00;
2025;"6113";"1276";"0091";11406;"065M";"Sim";60,00;100,00;100,00;100,00;
2025;"2324";"1311";"0212";11029;"07DV";"Não";235.581.000,82;922.540.000,00;941.000.000,00;960.000.000,00;
2025;"2324";"1311";"0547";12551;"07RA";"Não";0,00;12.000.000,00;12.000.000,00;12.000.000,00;
2025;"3105";"1297";"0113";8985;"0652";"Não";7,25;7,50;7,75;8,00;
2025;"1189";"1319";"0271";9464;"060U";"Sim";457.000.000,00;578.000.000,00;585.000.000,00;635.000.000,00;
2025;"5837";"1325";"0307";11017;"06UZ";"Sim";0,00;80,00;100,00;120,00;
2025;"2316";"1326";"0308";9674;"059U";"Não";120,00;600,00;600,00;600,00;
2025;"2310";"1253";"0136";9970;"05CL";"Não";500,00;1.550,00;1.600,00;1.650,00;
2025;"6114";"1320";"0239";9408;"069G";"Não";200.000,00;205.000,00;210.000,00;215.000,00;
2025;"5131";"1322";"0309";9597;"0590";"Sim";70,00;72,00;73,00;75,00;
2025;"2316";"1326";"0311";9672;"059Q";"Não";8,00;15,00;15,00;15,00;
2025;"2316";"1326";"0312";11155;"05PL";"Não";3,00;10,00;10,00;10,00;
2025;"2304";"1310";"0217";10730;"06TH";"Não";20,00;10,00;20,00;30,00;
2025;"1190";"1317";"0280";9481;"061S";"Sim";25.000,00;250.000,00;255.000,00;265.000,00;
2025;"2304";"1310";"0214";10649;"06SL";"Não";10,00;20,00;30,00;40,00;
2025;"2304";"1310";"0215";10569;"06SP";"Não";354,00;386,00;419,00;483,00;
2025;"6114";"1320";"0250";9444;"05S9";"Sim";22,00;21,31;21,65;22,00;
2025;"3102";"1274";"0040";9465;"06NK";"Sim";10,00;20,00;25,00;35,00;
2025;"3102";"1274";"0049";8847;"06S7";"Não";14,75;16,50;18,25;20,00;
2025;"2304";"1310";"0213";10612;"06SK";"Sim";5,00;10,00;15,00;20,00;
2025;"5636";"1296";"0072";8873;"05A4";"Não";800.000,00;6.500.000,00;7.100.000,00;7.900.000,00;
2025;"2802";"1342";"0548";12645;"07TY";"Não";0,00;20,00;10,00;5,00;
2025;"2316";"1326";"0313";11177;"05Q4";"Não";4,00;4,00;4,00;4,00;
2025;"2801";"1333";"0390";12800;"07Y9";"Não";;45,94;46,50;47,00;
2025;"1158";"1318";"0275";9510;"05ZC";"Sim";10,00;11,00;11,00;11,00;
2025;"1158";"1318";"0272";9468;"05UK";"Sim";81,70;92,50;100,00;100,00;
2025;"3108";"1252";"0006";8785;"06R7";"Sim";45,00;47,00;48,00;50,00;
2025;"6114";"1320";"0243";9411;"062U";"Não";187.500,00;375.000,00;750.000,00;1.500.000,00;
2025;"1144";"1255";"0007";8776;"06A4";"Não";89.723,00;107.668,00;125.612,00;143.557,00;
2025;"1189";"1319";"0273";9470;"064J";"Sim";50.000,00;70.000,00;100.000,00;120.000,00;
2025;"2801";"1333";"0540";11516;"06FK";"Não";335,00;340,00;345,00;352,00;
2025;"2318";"1263";"0013";9291;"061X";"Sim";41,35;30,81;30,95;31,08;
2025;"2314";"1286";"0106";8970;"0581";"Sim";240,00;180,00;180,00;180,00;
2025;"5661";"1289";"0060";11628;"0742";"Sim";39,00;41,00;43,00;45,00;
2025;"5663";"1291";"0063";11308;"06RC";"Sim";41,70;44,00;46,00;48,00;
2025;"5663";"1291";"0064";11622;"06RD";"Não";0,70;0,70;0,70;0,70;
2025;"4105";"1273";"0194";9235;"066V";"Não";8,00;8,10;8,20;8,30;
2025;"2224";"1279";"0059";9051;"07G9";"Não";10,00;1,00;2,00;3,00;
2025;"1149";"1284";"0062";8864;"066R";"Não";2,00;2,00;2,00;2,00;
2025;"1149";"1284";"0066";8865;"066Q";"Não";10,00;50,00;50,00;50,00;
2025;"2302";"1269";"0084";8961;"05KG";"Não";83,00;83,00;83,00;83,00;
2025;"1189";"1319";"0266";9461;"05U1";"Sim";1.988.000,00;2.888.000,00;3.988.000,00;5.288.000,00;
2025;"1189";"1319";"0539";11497;"06E7";"Sim";2.000,00;2,00;6,00;10,00;
2025;"1190";"1317";"0277";9476;"05X6";"Não";5,70;6,60;7,50;8,30;
2025;"2324";"1311";"0524";11323;"06PY";"Não";11,00;12,00;13,00;14,00;
2025;"1158";"1318";"0279";9477;"05U9";"Sim";100,00;585,00;655,00;725,00;
2025;"2801";"1333";"0541";11544;"06G6";"Não";20,00;25,00;30,00;35,00;
2025;"2801";"1333";"0471";10776;"06A2";"Não";0,64;0,66;0,67;0,70;
2025;"2801";"1333";"0427";10449;"05XC";"Não";11,42;11,88;12,52;14,85;
2025;"2801";"1333";"0535";11480;"06C9";"Não";6,00;3,90;2,00;2,00;
2025;"2802";"1342";"0550";12647;"07TZ";"Sim";0,00;258.866,00;288.866,00;313.866,00;
2025;"2802";"1342";"0549";12646;"07U0";"Não";0,00;24,60;24,70;24,80;
2025;"2324";"1311";"0211";11022;"07DU";"Não";33,91;35,57;37,25;38,93;
2025;"2316";"1326";"0319";9655;"059H";"Não";954.800,00;750.000,00;750.000,00;750.000,00;
2025;"2308";"1309";"0412";10230;"070Z";"Não";0,75;0,76;0,76;0,77;
2025;"2324";"1311";"0210";11012;"06IE";"Não";620.341,90;5,00;7,50;10,00;
2025;"4105";"1273";"0197";9248;"066X";"Não";63,90;64,00;64,10;64,20;
2025;"4105";"1273";"0195";9242;"066W";"Não";14,50;14,60;14,70;14,80;
2025;"4104";"1254";"0289";9524;"06IZ";"Não";97,00;97,00;98,00;98,00;
2025;"5838";"1340";"0517";11460;"06UA";"Sim";30,00;60,00;90,00;120,00;
2025;"5125";"1312";"0512";11159;"06WG";"Não";6.881,00;6.881,00;6.881,00;6.881,00;
2025;"5129";"1249";"0002";10976;"05N8";"Sim";84,00;84,50;85,00;86,00;
2025;"3108";"1252";"0004";8769;"06R8";"Não";15,00;5.260,00;4.360,00;3.460,00;
2025;"3103";"1272";"0029";9335;"06G5";"Não";19,50;18,50;17,50;17,50;
2025;"5662";"1268";"0026";11374;"06PI";"Não";44,00;43,00;45,00;45,00;
2025;"5662";"1268";"0027";11499;"0741";"Não";20,00;35,00;35,00;27,00;
2025;"2318";"1263";"0023";8816;"062R";"Não";22,75;22,60;22,18;21,27;
2025;"5123";"1280";"0028";8819;"053M";"Não";93.600,00;76.200,00;58.700,00;41.200,00;
2025;"3108";"1252";"0020";8792;"06R9";"Não";125,81;55.479,00;49.581,00;43.683,00;
2025;"4101";"1265";"0021";8796;"05S6";"Não";50,00;60,00;65,00;70,00;
2025;"2316";"1326";"0320";9645;"059C";"Não";1,00;0,00;0,00;0,00;
2025;"4101";"1265";"0024";8806;"05SU";"Não";52.317,00;55.456,00;58.783,00;62.311,00;
2025;"1144";"1255";"0033";9493;"06EU";"Não";608.637,00;58,00;59,00;60,00;
2025;"2303";"1277";"0037";8840;"05HC";"Sim";91,20;93,40;95,70;97,90;
2025;"2224";"1279";"0034";8854;"07CZ";"Não";5.075.000,00;5.150.000,00;5.225.000,00;5.300.000,00;
2025;"1144";"1255";"0036";8932;"06AW";"Sim";15,00;15,00;18,00;27,00;
2025;"3103";"1272";"0030";12749;"07WV";"Não";116,00;118,00;128,00;135,00;
2025;"4101";"1265";"0047";8870;"06DM";"Sim";25,50;27,86;31,35;32,84;
2025;"2303";"1277";"0038";9294;"0560";"Sim";456,00;470,00;484,00;503,00;
2025;"2310";"1253";"0130";9776;"05AU";"Não";21.000,00;30.000,00;32.000,00;35.000,00;
2025;"2314";"1286";"0048";8846;"057L";"Sim";2,79;2,98;3,17;3,28;
2025;"5661";"1289";"0057";11623;"06U0";"Não";300,00;350,00;350,00;350,00;
2025;"5123";"1280";"0067";10906;"05KE";"Não";5,00;1,00;10,00;30,00;
2025;"5119";"1283";"0069";8871;"05KA";"Sim";70,00;75,00;78,00;80,00;
2025;"5119";"1283";"0070";9031;"05HD";"Sim";53,09;78,00;88,00;99,00;
2025;"5135";"1285";"0071";8900;"053Z";"Sim";3,00;12,00;27,00;27,00;
2025;"2224";"1279";"0074";9262;"07D1";"Sim";20,00;100,00;100,00;100,00;
2025;"5135";"1285";"0076";8877;"053U";"Sim";10,00;30,00;60,00;100,00;
2025;"2317";"1293";"0095";10504;"0602";"Sim";4,00;7,50;17,50;20,00;
2025;"2302";"1269";"0085";8962;"05L0";"Não";80,00;81,00;83,00;85,00;
2025;"2302";"1269";"0086";10790;"05IP";"Não";100,00;100,00;100,00;100,00;
2025;"2317";"1293";"0088";12760;"07X5";"Não";0,00;1,00;1,30;1,50;
2025;"2224";"1279";"0096";9339;"07D3";"Sim";5,00;10,00;15,00;20,00;
2025;"2224";"1279";"0098";9364;"07GA";"Não";22,00;22,00;22,00;22,00;
2025;"2224";"1279";"0102";9395;"06VK";"Sim";778,00;1.017,00;1.117,00;1.177,00;
2025;"2314";"1286";"0104";8964;"057X";"Sim";70,30;70,79;71,29;71,78;
2025;"5131";"1322";"0322";9621;"05NB";"Não";133,00;101,00;70,00;70,00;
2025;"2314";"1286";"0124";9018;"058C";"Sim";26,80;29,15;30,30;32,18;
2025;"5115";"1300";"0121";9001;"060G";"Não";50,00;198,00;329,00;510,00;
2025;"5136";"1327";"0347";10177;"05EH";"Não";2.500.000,00;5.200.000,00;5.500.000,00;6.000.000,00;
2025;"5136";"1327";"0343";9687;"05A7";"Não";51.000,00;60.000,00;33.000,00;33.000,00;
2025;"5501";"1324";"0336";9638;"0599";"Não";1,00;1,00;2,00;2,00;
2025;"2305";"1251";"0157";9158;"05DK";"Sim";400,00;1.200,00;1.600,00;2.000,00;
2025;"5136";"1327";"0345";9769;"05E9";"Não";16.250,00;8.125,00;8.125,00;8.125,00;
2025;"5136";"1327";"0346";10168;"05EK";"Não";13.800,00;6.800,00;7.000,00;7.000,00;
2025;"3104";"1303";"0159";9742;"067R";"Sim";125,00;130,00;140,00;151,00;
2025;"2317";"1293";"0161";11313;"05X2";"Não";60,00;60,00;60,00;60,00;
2025;"3104";"1303";"0162";9744;"067T";"Não";118.000.000,00;120.000.000,00;123.000.000,00;127.000.000,00;
2025;"5119";"1283";"0150";9043;"05HH";"Sim";60,00;50,00;55,00;60,00;
2025;"3106";"1278";"0145";9033;"06R5";"Não";53,00;70,00;70,00;70,00;
2025;"3106";"1278";"0146";9034;"06R6";"Sim";350,00;820,00;1.210,00;1.590,00;
2025;"3106";"1278";"0147";9035;"064K";"Sim";3.223,00;5.422,57;10.545,70;13.978,70;
2025;"2314";"1286";"0155";9094;"058G";"Sim";45,00;44,00;43,00;42,00;
2025;"5117";"1266";"0152";10876;"05SP";"Não";22.000.000,00;26.000.000,00;27.000.000,00;28.000.000,00;
2025;"3901";"1271";"0171";9160;"06LC";"Sim";1.116,00;20,00;29,00;36,00;
2025;"3901";"1271";"0172";9175;"066O";"Sim";390,00;133,93;591,93;957,93;
2025;"4006";"1338";"0477";10990;"05MB";"Sim";2.000,00;500,00;900,00;1.500,00;
2025;"4006";"1338";"0478";11048;"05OI";"Sim";6.300,00;13.000,00;19.500,00;42.000,00;
2025;"1149";"1284";"0174";9399;"06LM";"Não";8,00;9,00;8,00;9,00;
2025;"5122";"1295";"0186";9207;"05LT";"Não";17,58;16,15;14,25;13,03;
2025;"1144";"1255";"0185";9199;"06CD";"Sim";145.000,00;10,00;15,00;20,00;
2025;"5125";"1312";"0177";9261;"06VN";"Não";550,00;550,00;550,00;550,00;
2025;"2315";"1275";"0220";9273;"055S";"Não";100,00;100,00;100,00;100,00;
2025;"2315";"1275";"0225";9292;"05MY";"Não";100,00;100,00;100,00;100,00;
2025;"5131";"1322";"0253";9417;"056Z";"Sim";69,00;71,00;72,00;73,00;
2025;"5128";"1321";"0257";9432;"057A";"Sim";70,00;75,00;80,00;83,00;
2025;"5128";"1321";"0261";9459;"0588";"Sim";79,00;80,00;81,00;82,00;
2025;"5131";"1322";"0276";9478;"057Z";"Sim";68,00;70,00;72,00;75,00;
2025;"1149";"1284";"0282";9491;"06MH";"Não";10,00;10,00;10,00;10,00;
2025;"2316";"1326";"0314";11195;"05QD";"Não";20,00;150,00;150,00;150,00;
2025;"2316";"1326";"0315";10847;"05NQ";"Não";3,00;15,00;15,00;15,00;
2025;"2316";"1326";"0316";10812;"05IV";"Não";725,00;430,00;430,00;430,00;
2025;"2316";"1326";"0317";11312;"05RL";"Sim";452,00;468,00;484,00;500,00;
2025;"1191";"1328";"0324";10172;"05EE";"Não";0,85;88,00;92,00;96,00;
2025;"1191";"1328";"0326";10197;"05EQ";"Não";2.500,00;9,50;10,00;10,50;
2025;"1191";"1328";"0333";10805;"05IS";"Não";118.000,00;37,11;37,57;38,03;
2025;"1191";"1328";"0334";10322;"05FT";"Não";509.000,00;801.200,00;775.000,00;778.000,00;
2025;"5636";"1296";"0329";9691;"05A5";"Não";57.000,00;3.000,00;3.000,00;3.000,00;
2025;"5131";"1322";"0341";9668;"059P";"Sim";50,00;75,00;85,00;95,00;
2025;"5501";"1324";"0350";9671;"059R";"Não";3,00;3,00;3,00;3,00;
2025;"5636";"1296";"0339";9708;"05A6";"Não";100,00;1.500,00;1.500,00;1.500,00;
2025;"5136";"1327";"0342";9661;"059Z";"Não";20.000,00;80.990,00;82.000,00;83.000,00;
2025;"5136";"1327";"0344";10144;"05E7";"Não";12.000,00;5,00;6,00;7,00;
2025;"5121";"1316";"0364";9714;"05PA";"Sim";40,00;78,00;89,00;100,00;
2025;"5113";"1329";"0357";9701;"06DH";"Não";30,04;30,47;30,91;31,36;
2025;"5119";"1283";"0378";9866;"05I4";"Sim";7.616,00;24.668,00;33.874,00;35.525,00;
2025;"1149";"1284";"0379";9884;"06MO";"Sim";31,25;62,50;93,75;125,00;
2025;"2323";"1330";"0365";9724;"05A8";"Sim";2.046.092,00;2.148.397,00;2.255.816,00;2.368.607,00;
2025;"2323";"1330";"0366";9741;"05AF";"Não";52.000.000,00;118.100.000,00;133.100.000,00;150.000.000,00;
2025;"5121";"1316";"0367";9736;"05QZ";"Sim";1.900.000,00;4.200.000,00;6.900.000,00;10.000.000,00;
2025;"5127";"1334";"0381";9903;"05BZ";"Não";10.000,00;10.000,00;10.000,00;10.000,00;
2025;"1149";"1284";"0383";9926;"06MQ";"Sim";50,00;60,00;70,00;75,00;
2025;"1149";"1284";"0384";9951;"06OH";"Não";2.000.000,00;116.025,00;116.025,00;1.115.525,00;
2025;"5121";"1316";"0385";10001;"05M3";"Sim";64.000,00;1.063.000,00;1.546.140,00;2.011.140,00;
2025;"5121";"1316";"0386";10012;"05MI";"Sim";8,64;44,82;61,45;100,00;
2025;"1149";"1284";"0387";9987;"06OW";"Sim";1.010.000,00;2.000.000,00;2.500.000,00;3.000.000,00;
2025;"5801";"1336";"0389";11156;"06LQ";"Sim";1.332.500,00;1.465.000,00;1.497.500,00;1.530.000,00;
2025;"5127";"1334";"0392";10122;"05FI";"Não";201.500,00;307.487,00;407.487,00;607.487,00;
2025;"1149";"1284";"0393";10083;"06OY";"Sim";277.500,00;100,00;200,00;300,00;
2025;"5801";"1336";"0397";11162;"06LS";"Sim";29,00;34,00;39,00;44,00;
2025;"5602";"1259";"0398";10124;"05DQ";"Não";0,97;3,04;4,01;3,10;
2025;"5126";"1337";"0404";10238;"06SN";"Sim";570,00;1.097,00;1.624,00;2.151,00;
2025;"5126";"1337";"0410";10210;"06NE";"Sim";553.875,00;581.568,00;610.647,00;673.238,00;
2025;"5601";"1258";"0406";11068;"05NU";"Não";33,00;25,33;32,66;40,00;
2025;"2224";"1279";"0430";10441;"07D7";"Sim";20,00;28,00;28,00;28,00;
2025;"5126";"1337";"0431";10456;"06P9";"Não";60.000,00;14.533,00;14.533,00;14.533,00;
2025;"5126";"1337";"0434";10495;"06QV";"Não";45.000,00;53.760,00;53.760,00;53.760,00;
2025;"5126";"1337";"0455";10609;"06MT";"Não";40,00;130,00;130,00;130,00;
2025;"5118";"1331";"0453";10623;"05Y5";"Não";4.559.703,00;4.753.741,00;4.971.708,00;5.220.614,00;
2025;"5838";"1340";"0518";11645;"06ST";"Sim";5,00;30,00;40,00;50,00;
2025;"5126";"1337";"0459";10650;"06QE";"Sim";14.472,00;19.734,00;20.750,00;21.866,00;
2025;"5111";"1281";"0461";10675;"06EN";"Não";56.962,00;79.396,00;109.834,00;118.514,00;
2025;"5118";"1331";"0470";10777;"062V";"Sim";0,60;60,00;60,00;60,00;
2025;"5123";"1280";"0472";10782;"05L4";"Não";11.122.837,00;13.347.405,00;16.016.886,00;19.220.263,00;
2025;"5118";"1331";"0473";10861;"05YZ";"Sim";44,00;49,00;55,00;60,00;
2025;"5121";"1316";"0474";10862;"05O7";"Sim";4.476,00;4.756,00;5.176,00;5.595,00;
2025;"5121";"1316";"0475";11034;"05R3";"Sim";11.630,00;29.576,00;34.571,00;39.116,00;
2025;"5123";"1280";"0489";10905;"064H";"Não";20,00;20,00;60,00;100,00;
2025;"5838";"1340";"0519";11306;"06UU";"Sim";15,00;45,00;70,00;95,00;
2025;"5117";"1266";"0480";10883;"05TC";"Sim";9.750.000,00;19.500.000,00;29.250.000,00;39.000.000,00;
2025;"5120";"1339";"0490";10918;"05RM";"Sim";88,00;89,00;90,00;90,00;
2025;"5123";"1280";"0483";10899;"05L5";"Não";606,80;1.093,40;1.065,30;1.037,30;
2025;"5123";"1280";"0484";10900;"05L6";"Sim";1,00;2,00;3,00;4,00;
2025;"5123";"1280";"0485";10901;"05L7";"Não";35,00;50,00;60,00;70,00;
2025;"5123";"1280";"0486";10902;"05L8";"Não";100,00;100,00;100,00;100,00;
2025;"5123";"1280";"0487";10903;"064P";"Não";40,00;60,00;80,00;100,00;
2025;"5123";"1280";"0488";10904;"064U";"Sim";50,00;46,40;73,60;100,00;
2025;"1617";"1305";"0514";11222;"06SA";"Sim";15,00;252,00;384,00;494,00;
2025;"5120";"1339";"0494";10950;"05RZ";"Sim";21,00;42,00;63,00;84,00;
2025;"5118";"1331";"0503";11070;"05YK";"Sim";6.388,00;6.876,00;7.361,00;7.852,00;
2025;"5118";"1331";"0509";11124;"06B8";"Não";70,00;75,00;78,00;80,00;
2025;"1617";"1305";"0513";11193;"06S6";"Não";101,00;109,00;116,00;123,00;
2025;"5125";"1312";"0508";11125;"06VO";"Não";3.040,00;3.040,00;3.040,00;3.040,00;
2025;"5125";"1312";"0511";11433;"06VP";"Não";600.000,00;2.000.000,00;;;
2025;"5125";"1312";"0521";11204;"06WH";"Não";478,00;478,00;478,00;478,00;
2025;"1144";"1255";"0525";11354;"060S";"Não";5,75;5,28;4,82;4,35;
2025;"2323";"1330";"0536";11484;"06IF";"Sim";7.000.000,00;7.300.000,00;7.800.000,00;8.100.000,00;
2025;"5134";"1341";"0542";11598;"06KW";"Sim";30.000,00;29.350,00;30.817,00;32.357,00;
2025;"5838";"1340";"0531";11445;"06S9";"Sim";200.000,00;15,00;25,00;35,00;
2025;"5804";"1304";"0530";11438;"067K";"Não";2,00;0,00;0,00;0,00;
